[
  {
    "name": "Failed SSH login",
    "pattern": "failed password|authentication failure|multiple authentication failures",
    "severity": "High",
    "description": "Detect repeated or failed SSH login attempts"
  },
  {
    "name": "SQL Injection Attempt",
    "pattern": "\\\\bselect\\\\b.*\\\\bor\\\\b.*=|union select|\\\\b1=1\\\\b",
    "severity": "Critical",
    "description": "Detect possible SQL injection patterns"
  },
  {
    "name": "Malware Upload",
    "pattern": "malware|trojan|virus|signature detected",
    "severity": "Critical",
    "description": "Possible malware detected in upload"
  },
  {
    "name": "Privilege Escalation",
    "pattern": "privilege escalation|sudoers|setuid|added to sudoers",
    "severity": "High",
    "description": "Possible privilege escalation or sudo change"
  },
  {
    "name": "Excessive 404",
    "pattern": "excessive 404|404 errors",
    "severity": "Low",
    "description": "Many 404s from same source could indicate scanning"
  },
  {
    "name": "Service Crash",
    "pattern": "crash|segmentation fault|service crash",
    "severity": "Medium",
    "description": "Service crash detected"
  }
]